N,P,K,pH,rainfall,temperature,crop
88.7,49.0,44.6,6.5,173.4,22.3,rice
72.9,47.3,42.0,6.77,153.1,34.5,rice
111.6,34.2,33.6,5.46,195.6,27.9,rice
91.6,35.8,42.2,5.35,193.8,25.5,rice
92.8,45.7,34.0,6.29,238.9,20.7,rice
100.4,33.4,31.3,7.37,294.8,32.1,rice
85.2,32.0,43.7,6.1,168.3,27.4,rice
71.7,48.2,35.2,6.66,196.8,27.8,rice
97.3,33.7,49.4,6.94,290.9,33.4,rice
99.9,48.4,31.8,5.49,156.8,24.9,rice
89.4,35.4,46.6,5.89,192.1,28.1,rice
77.0,46.0,31.5,7.47,265.8,23.0,rice
70.3,46.3,44.1,6.82,265.7,21.1,rice
87.9,32.3,47.3,6.56,199.6,21.0,rice
85.5,36.5,44.6,6.59,283.1,27.1,rice
76.0,44.3,45.2,6.4,265.6,27.4,rice
96.1,38.6,30.5,5.27,154.7,29.5,rice
85.7,40.2,48.2,5.62,211.6,31.3,rice
81.4,31.5,35.8,5.4,289.5,32.1,rice
101.7,47.4,46.1,5.47,283.9,28.1,rice
110.4,47.9,36.4,5.28,184.2,26.4,rice
110.9,47.2,30.1,6.28,212.6,23.3,rice
76.0,36.8,48.9,5.81,227.8,30.5,rice
88.2,49.4,49.2,5.63,224.6,24.5,rice
84.2,30.7,42.2,6.26,157.7,24.2,rice
115.4,34.8,32.9,6.22,297.8,23.6,rice
103.6,45.2,34.8,6.82,205.2,29.5,rice
101.7,40.7,31.8,7.09,198.1,22.8,rice
72.0,41.8,43.6,5.04,226.8,23.4,rice
102.3,33.5,43.8,5.97,290.5,22.1,rice
87.1,32.3,48.5,7.19,188.7,29.9,rice
110.9,41.1,40.6,5.6,164.0,33.5,rice
115.0,42.7,36.8,5.87,258.9,33.5,rice
114.4,45.6,42.8,5.21,174.2,33.5,rice
100.3,30.2,32.0,6.66,150.8,22.4,rice
97.4,43.8,43.0,5.56,256.8,23.6,rice
86.3,44.9,43.0,7.12,248.6,28.5,rice
74.7,37.4,35.3,5.61,296.0,25.9,rice
114.6,42.6,45.9,6.26,236.5,27.4,rice
79.8,44.4,35.6,5.06,246.8,22.7,rice
117.0,49.1,48.3,5.93,152.3,33.9,rice
91.4,49.3,49.3,7.13,194.2,25.8,rice
112.6,36.3,33.4,6.39,290.4,30.4,rice
98.5,31.9,42.3,7.48,171.0,27.8,rice
113.9,44.8,43.9,6.76,203.9,24.4,rice
110.5,46.2,47.3,7.28,226.7,27.5,rice
109.9,43.0,44.0,6.99,283.5,25.1,rice
88.8,31.9,41.6,5.09,219.8,28.1,rice
84.3,41.8,30.6,5.09,273.4,25.4,rice
76.4,40.4,45.4,5.54,243.4,21.3,rice
72.6,40.6,40.8,6.59,258.9,34.6,rice
95.8,36.5,45.9,5.68,215.8,21.2,rice
71.3,49.3,46.7,6.74,211.3,22.6,rice
77.8,35.0,41.0,6.79,249.0,24.2,rice
117.7,44.8,41.1,6.53,212.9,23.7,rice
87.8,45.2,30.3,5.29,156.9,20.6,rice
112.8,44.1,39.5,5.24,223.7,27.1,rice
78.7,38.7,38.0,6.54,245.3,20.7,rice
88.7,42.5,40.1,7.14,248.8,22.4,rice
73.5,42.8,30.5,6.46,291.0,28.6,rice
89.4,42.9,39.2,6.36,291.2,25.8,rice
118.1,48.1,33.9,5.17,165.1,20.3,rice
74.7,43.7,31.4,5.8,276.7,20.3,rice
110.7,35.6,32.4,6.74,244.3,33.2,rice
106.8,46.1,35.6,5.44,262.6,32.1,rice
119.5,38.3,37.4,6.94,201.1,34.0,rice
112.9,38.6,45.0,6.89,165.5,33.5,rice
95.3,46.5,36.4,7.24,208.4,20.2,rice
115.3,31.8,36.4,7.38,292.6,28.6,rice
101.6,39.0,35.9,5.82,250.9,31.3,rice
109.6,45.8,31.8,6.24,158.6,28.2,rice
92.1,47.8,37.0,5.29,171.4,31.4,rice
100.9,32.0,31.7,6.75,160.9,32.3,rice
105.3,31.6,31.7,7.47,206.1,25.6,rice
110.6,48.9,49.7,6.88,206.4,21.3,rice
108.9,41.2,38.5,7.27,166.7,27.4,rice
70.6,39.4,31.1,5.3,167.6,29.7,rice
107.3,41.7,49.2,5.94,192.9,33.0,rice
81.2,49.3,30.2,7.42,156.5,33.4,rice
96.4,49.9,31.5,6.38,295.4,27.8,rice
101.5,43.9,39.1,6.57,237.6,33.5,rice
72.3,35.6,49.0,7.23,218.3,29.3,rice
83.9,33.8,39.3,5.88,237.5,21.2,rice
118.7,49.7,44.0,6.34,196.4,32.2,rice
104.2,33.3,48.2,7.06,292.5,30.9,rice
100.7,38.4,48.7,7.17,156.8,20.4,rice
88.8,46.2,49.7,5.38,239.1,25.7,rice
118.5,46.8,46.8,6.17,212.2,24.1,rice
72.8,47.3,46.3,7.5,299.5,28.3,rice
108.4,48.9,47.0,5.62,217.6,21.9,rice
117.7,42.1,34.6,6.68,242.7,25.4,rice
75.7,43.4,40.4,6.93,228.0,32.8,rice
97.6,41.2,47.5,6.01,170.1,20.4,rice
107.8,42.4,44.1,5.53,170.5,20.2,rice
87.5,41.8,37.8,6.09,285.6,25.2,rice
95.7,45.7,37.9,6.56,279.4,34.2,rice
77.4,48.5,39.8,5.65,218.9,34.7,rice
94.6,36.6,42.7,5.6,161.4,21.9,rice
76.4,33.0,32.8,6.6,177.3,25.2,rice
114.8,39.5,43.4,5.43,178.8,20.6,rice
66.8,42.0,24.4,5.68,70.9,24.5,maize
68.3,44.1,32.6,6.88,63.5,29.2,maize
85.1,37.0,41.8,7.34,65.5,21.9,maize
92.2,53.7,24.6,5.92,93.3,24.8,maize
84.7,44.2,31.6,6.99,63.3,21.5,maize
88.5,57.4,32.8,6.56,69.6,24.3,maize
81.3,41.1,26.7,6.25,61.8,22.5,maize
68.5,43.2,23.0,7.28,113.4,27.5,maize
91.6,47.5,22.2,6.57,112.8,28.4,maize
77.3,38.2,27.1,6.23,118.1,26.0,maize
74.2,59.7,35.1,5.97,69.2,20.1,maize
69.8,39.0,24.7,6.07,75.6,30.6,maize
63.2,48.1,30.3,7.46,70.1,23.6,maize
98.8,56.6,40.4,6.02,75.4,27.4,maize
97.2,48.9,34.3,6.06,129.3,20.6,maize
72.9,45.6,32.7,5.98,70.3,26.5,maize
71.5,49.5,23.9,6.46,107.9,18.7,maize
73.5,38.4,21.6,7.48,89.0,29.3,maize
70.2,52.0,39.0,6.69,102.4,23.8,maize
74.0,58.2,40.8,7.43,71.2,28.2,maize
97.5,39.5,21.7,6.98,111.7,29.8,maize
65.6,54.9,25.0,5.83,74.8,29.4,maize
86.6,48.1,29.0,7.25,95.3,29.4,maize
77.6,44.4,31.6,6.1,127.3,25.0,maize
69.3,57.5,29.6,6.59,141.6,26.7,maize
64.7,58.5,35.7,6.17,72.5,29.1,maize
84.8,48.3,42.3,7.08,73.7,22.4,maize
69.9,53.6,20.8,6.64,128.6,30.3,maize
73.7,55.5,22.8,7.19,71.5,23.6,maize
91.9,38.7,25.7,6.94,124.8,27.0,maize
87.8,48.6,26.3,6.19,76.3,30.7,maize
83.3,45.0,31.6,7.39,73.8,26.2,maize
80.2,50.3,20.5,7.24,143.9,25.9,maize
87.9,58.1,37.7,5.81,111.9,26.5,maize
77.0,53.4,43.4,7.35,100.6,19.6,maize
99.4,56.0,23.1,7.34,138.3,25.3,maize
83.7,45.0,21.4,6.17,132.3,18.1,maize
73.3,45.0,33.4,7.34,91.2,22.9,maize
89.5,46.3,25.6,6.4,72.7,20.5,maize
79.9,45.5,42.9,6.22,112.3,26.9,maize
60.5,51.6,24.5,7.42,73.4,23.8,maize
63.4,59.9,32.6,6.69,66.0,28.5,maize
68.4,57.5,25.1,5.88,63.3,24.6,maize
82.6,36.6,39.4,6.41,107.2,24.2,maize
76.0,49.0,23.9,5.86,137.6,31.2,maize
74.9,41.8,36.1,6.32,62.3,20.2,maize
88.6,51.5,20.7,5.94,80.8,27.4,maize
60.8,37.6,40.0,5.86,118.7,21.3,maize
64.0,41.1,38.1,7.21,134.7,23.6,maize
86.7,40.1,27.3,7.29,61.2,19.2,maize
68.3,35.7,24.5,6.67,97.9,30.5,maize
92.7,43.5,26.5,6.26,113.1,21.8,maize
85.0,45.2,33.8,6.37,86.5,31.3,maize
90.5,38.5,41.7,6.47,140.5,29.2,maize
77.0,35.6,26.7,6.58,117.0,21.6,maize
65.6,55.9,44.6,6.55,75.5,21.8,maize
60.7,57.9,22.9,6.65,84.7,25.8,maize
86.1,55.7,25.2,5.52,72.3,30.6,maize
95.0,49.9,35.0,6.83,75.8,30.8,maize
76.8,44.6,33.0,5.59,75.0,28.3,maize
63.3,50.1,26.1,6.28,86.0,23.0,maize
88.8,42.4,34.2,6.45,119.7,31.1,maize
89.3,40.4,20.8,6.02,113.6,18.7,maize
79.9,49.9,28.4,7.04,69.6,19.1,maize
89.1,47.4,37.2,6.37,82.2,29.5,maize
92.0,52.4,26.8,6.68,92.5,19.3,maize
96.7,38.4,43.8,6.39,76.7,25.6,maize
94.9,53.3,40.2,6.82,122.3,29.9,maize
70.0,47.2,25.5,7.48,145.0,18.6,maize
88.2,58.1,24.5,6.64,142.4,18.5,maize
87.9,42.4,43.1,7.44,145.0,24.6,maize
94.5,56.1,28.0,7.16,63.3,26.3,maize
69.2,38.0,21.9,6.89,90.6,28.1,maize
62.6,42.9,33.5,7.08,88.7,26.8,maize
95.4,50.4,25.8,5.55,138.3,18.3,maize
95.0,48.2,43.5,7.1,149.8,22.9,maize
90.7,45.0,32.0,6.76,138.6,31.8,maize
90.7,45.4,30.5,6.98,81.5,19.5,maize
74.2,42.2,27.4,5.97,63.8,18.3,maize
99.5,45.7,29.6,6.86,79.6,31.3,maize
91.5,37.2,30.4,7.26,145.0,24.5,maize
84.5,39.2,44.8,5.96,144.8,27.1,maize
84.3,47.8,25.8,5.85,79.8,20.6,maize
91.2,43.8,21.4,7.44,139.5,31.0,maize
99.8,39.3,29.9,7.02,122.6,20.2,maize
92.6,40.6,25.6,6.57,113.4,26.1,maize
63.7,56.9,26.6,5.76,140.0,31.4,maize
94.5,55.2,36.4,6.6,67.8,23.7,maize
74.9,41.5,38.1,6.49,67.3,21.1,maize
87.3,36.9,41.3,6.49,103.3,26.3,maize
93.0,43.7,37.0,6.63,84.0,30.3,maize
91.9,51.5,41.3,7.23,123.8,29.7,maize
87.9,52.0,35.5,7.01,74.3,30.3,maize
94.9,35.7,40.6,5.76,90.2,28.4,maize
66.4,55.4,40.8,6.51,60.6,22.0,maize
84.7,59.5,35.8,6.02,117.1,25.6,maize
91.2,37.7,39.0,6.58,146.7,22.8,maize
85.3,58.3,22.6,7.37,121.9,18.9,maize
72.0,52.7,21.7,6.66,91.1,26.7,maize
61.8,56.8,44.3,7.44,127.5,19.8,maize
50.3,45.9,20.6,6.65,69.3,26.6,chickpea
47.3,60.6,26.8,7.99,65.6,21.8,chickpea
26.5,72.8,37.3,6.44,44.9,25.2,chickpea
46.2,54.6,43.8,6.3,65.9,29.2,chickpea
36.8,67.3,29.9,6.55,99.0,21.1,chickpea
55.8,53.0,25.3,6.06,79.1,20.5,chickpea
54.6,61.6,44.2,6.37,92.1,26.6,chickpea
50.8,74.6,39.0,7.25,47.9,15.5,chickpea
56.8,66.6,39.9,6.96,47.0,16.9,chickpea
47.4,60.1,25.0,6.98,43.9,23.7,chickpea
30.8,72.9,27.8,6.91,40.7,16.1,chickpea
35.7,61.8,35.0,6.58,81.7,27.9,chickpea
51.2,46.4,32.0,6.21,54.5,29.8,chickpea
25.7,62.5,35.5,7.4,73.6,15.1,chickpea
33.1,63.1,22.2,6.7,42.0,16.2,chickpea
35.9,49.6,34.2,7.38,88.0,18.0,chickpea
26.7,48.7,35.9,7.41,41.9,29.0,chickpea
22.1,63.9,37.7,7.74,82.8,27.0,chickpea
33.6,73.5,22.0,7.79,72.9,27.3,chickpea
38.1,67.5,33.2,7.46,44.9,15.9,chickpea
29.9,50.6,41.8,6.44,98.6,20.1,chickpea
27.3,72.6,36.5,7.0,73.3,25.8,chickpea
29.1,79.9,44.4,7.3,52.0,25.2,chickpea
22.9,46.1,26.4,6.93,92.1,25.9,chickpea
49.7,59.9,28.6,6.74,99.3,15.6,chickpea
54.7,65.3,31.0,7.45,69.2,28.1,chickpea
56.0,59.8,26.9,7.18,94.7,18.2,chickpea
44.9,67.1,38.3,6.26,82.9,28.6,chickpea
27.2,53.3,44.3,6.36,91.3,22.4,chickpea
29.9,75.5,31.1,7.03,61.6,23.9,chickpea
26.5,58.7,44.2,6.52,79.4,19.9,chickpea
50.9,49.6,44.2,6.91,54.2,16.1,chickpea
26.8,63.2,28.4,7.66,65.9,18.7,chickpea
44.7,69.7,24.2,6.34,42.2,26.0,chickpea
46.6,61.6,41.1,7.61,75.1,28.0,chickpea
28.2,48.9,26.7,6.11,71.9,29.0,chickpea
21.6,49.3,31.3,7.87,59.0,22.6,chickpea
21.7,50.2,44.7,7.93,40.3,29.3,chickpea
45.6,75.4,31.4,7.03,69.3,25.0,chickpea
25.6,46.0,27.7,7.41,52.1,25.1,chickpea
58.8,48.3,36.8,6.89,92.1,17.7,chickpea
47.7,74.3,43.6,7.37,69.8,24.3,chickpea
54.8,65.0,20.8,7.86,81.4,25.1,chickpea
28.6,68.1,29.8,7.3,46.4,24.9,chickpea
60.0,46.7,44.4,6.81,92.2,26.7,chickpea
42.7,70.8,42.0,6.81,59.6,25.0,chickpea
52.3,71.7,39.9,6.87,89.1,16.8,chickpea
41.8,45.2,28.1,6.73,63.8,25.4,chickpea
35.5,60.7,25.9,6.75,53.6,16.1,chickpea
44.1,68.4,35.5,6.93,62.8,28.0,chickpea
40.8,61.8,20.6,6.68,62.8,21.0,chickpea
43.2,63.7,35.2,7.53,88.8,25.8,chickpea
58.2,45.6,24.9,6.02,78.8,28.5,chickpea
29.7,77.4,21.5,7.87,61.1,16.5,chickpea
39.4,54.0,27.1,6.61,88.2,23.1,chickpea
32.5,66.4,37.9,6.55,64.8,16.8,chickpea
27.2,68.8,24.5,7.05,82.5,16.6,chickpea
42.7,54.0,44.1,6.97,88.4,23.3,chickpea
21.7,67.2,43.8,7.2,89.2,28.3,chickpea
29.1,52.4,35.3,6.82,90.4,28.5,chickpea
34.1,53.3,39.5,6.55,89.4,21.4,chickpea
46.7,48.3,35.6,6.9,75.2,17.5,chickpea
49.5,75.2,25.4,6.19,41.4,24.6,chickpea
44.3,64.1,25.8,6.78,75.7,22.5,chickpea
59.5,49.8,37.4,6.81,65.7,25.8,chickpea
47.7,79.7,23.2,6.21,83.5,23.7,chickpea
31.0,47.8,22.1,7.79,51.5,19.9,chickpea
29.1,57.4,21.7,7.04,44.1,27.0,chickpea
29.3,63.9,42.0,7.3,72.0,19.9,chickpea
33.3,68.4,44.9,7.32,73.5,26.0,chickpea
38.6,47.1,34.1,7.92,50.5,25.4,chickpea
28.0,63.8,22.4,6.9,85.4,20.2,chickpea
46.6,72.8,43.2,6.47,64.0,17.3,chickpea
59.7,77.4,33.5,7.68,71.3,24.4,chickpea
23.6,71.4,23.2,7.65,86.9,25.6,chickpea
21.4,55.6,26.6,6.72,45.3,29.1,chickpea
42.2,55.7,29.9,6.89,76.0,22.7,chickpea
56.8,62.4,44.8,7.7,52.5,29.0,chickpea
24.7,73.6,29.5,7.76,92.1,27.1,chickpea
51.6,55.7,22.0,6.81,50.4,25.4,chickpea
33.8,79.1,36.0,7.64,48.0,27.9,chickpea
56.9,62.0,35.2,7.53,50.5,22.5,chickpea
35.9,50.1,29.2,6.14,41.5,17.0,chickpea
58.5,64.2,44.1,6.86,58.7,22.6,chickpea
37.6,48.7,36.0,6.43,77.2,24.8,chickpea
26.1,47.1,39.5,6.92,43.5,29.9,chickpea
22.3,69.3,44.6,6.48,48.5,16.8,chickpea
32.1,48.5,37.3,6.12,70.6,30.0,chickpea
52.6,66.5,27.7,7.25,71.6,21.4,chickpea
25.2,76.0,31.2,6.39,62.1,21.2,chickpea
53.1,70.7,39.2,6.02,65.0,22.2,chickpea
20.8,54.1,39.0,6.27,72.1,18.2,chickpea
20.5,53.4,44.4,7.6,97.6,22.3,chickpea
24.4,64.2,31.4,7.69,45.9,22.3,chickpea
26.0,56.4,38.4,6.95,62.6,20.9,chickpea
38.4,72.5,42.3,7.91,87.2,19.7,chickpea
47.5,60.3,26.4,7.68,42.3,28.5,chickpea
38.5,67.3,36.5,7.79,78.2,24.2,chickpea
22.7,63.1,23.8,7.47,70.7,25.2,chickpea
21.7,48.0,37.9,6.14,44.3,15.2,chickpea
38.7,72.1,27.1,6.09,74.5,26.6,kidneybeans
29.8,55.6,23.5,5.7,96.2,26.5,kidneybeans
18.0,50.6,21.6,7.44,70.7,26.5,kidneybeans
28.7,61.5,24.1,5.74,93.1,26.6,kidneybeans
29.3,65.9,20.8,7.44,105.9,19.4,kidneybeans
39.4,68.1,31.6,7.0,106.8,24.8,kidneybeans
13.8,60.1,38.6,5.95,76.1,21.5,kidneybeans
23.2,68.4,38.9,5.98,58.5,18.0,kidneybeans
36.6,69.4,25.7,7.13,110.3,27.7,kidneybeans
37.6,57.6,35.1,6.42,108.9,25.9,kidneybeans
33.3,69.7,23.5,6.59,118.9,29.1,kidneybeans
11.3,54.9,22.6,6.95,107.2,18.2,kidneybeans
25.2,75.2,34.7,6.58,91.3,22.6,kidneybeans
18.9,67.0,33.8,7.25,94.5,26.4,kidneybeans
14.8,63.8,20.2,5.99,100.9,29.9,kidneybeans
13.0,62.0,36.0,5.91,88.9,26.0,kidneybeans
28.5,55.6,27.1,7.07,88.8,15.1,kidneybeans
32.8,51.1,34.9,5.9,117.1,20.5,kidneybeans
19.8,54.5,26.1,7.25,119.7,20.5,kidneybeans
23.5,71.7,37.7,6.69,77.4,21.2,kidneybeans
30.9,50.1,32.4,6.21,105.6,16.4,kidneybeans
27.6,64.4,32.8,5.63,90.6,23.4,kidneybeans
26.8,68.1,33.5,7.11,68.9,27.4,kidneybeans
24.9,52.3,21.2,6.17,104.9,25.6,kidneybeans
33.7,65.5,28.8,5.79,73.0,21.5,kidneybeans
12.7,56.6,32.0,6.97,119.9,29.0,kidneybeans
29.3,62.6,32.7,7.07,58.3,21.1,kidneybeans
35.2,61.5,31.4,6.68,62.9,20.4,kidneybeans
20.0,50.8,20.5,7.16,69.1,22.8,kidneybeans
19.0,78.2,25.2,6.36,111.1,27.6,kidneybeans
15.6,74.1,29.2,6.47,59.3,16.2,kidneybeans
31.8,64.9,28.7,6.96,103.6,17.4,kidneybeans
28.3,54.1,35.0,6.81,117.0,16.0,kidneybeans
11.7,58.5,25.2,5.99,113.4,18.7,kidneybeans
18.2,72.8,29.0,7.05,54.6,22.3,kidneybeans
11.0,51.9,38.1,5.78,87.3,21.2,kidneybeans
20.4,77.0,20.4,6.83,117.4,23.4,kidneybeans
38.1,51.6,28.4,6.02,101.2,29.7,kidneybeans
17.7,69.6,24.0,6.63,82.5,29.6,kidneybeans
28.3,60.5,22.3,5.8,65.8,18.8,kidneybeans
35.5,66.8,30.5,5.73,110.2,25.8,kidneybeans
12.0,71.2,30.9,5.66,82.1,22.3,kidneybeans
15.0,78.4,37.0,6.84,82.4,21.2,kidneybeans
29.5,66.4,21.2,6.53,106.4,21.9,kidneybeans
11.6,73.6,24.0,6.02,61.5,20.0,kidneybeans
32.7,65.6,24.1,7.26,111.6,28.1,kidneybeans
17.2,63.5,39.7,7.04,51.9,16.0,kidneybeans
23.9,77.3,30.8,6.5,57.4,24.9,kidneybeans
34.7,61.4,35.5,7.43,64.3,22.8,kidneybeans
18.6,73.8,31.6,6.77,105.9,20.9,kidneybeans
37.5,66.0,23.2,6.89,105.5,19.8,kidneybeans
35.7,77.2,25.5,7.47,59.8,18.0,kidneybeans
15.5,76.8,33.1,5.8,80.8,24.2,kidneybeans
12.5,76.5,36.1,6.51,117.7,21.3,kidneybeans
39.5,70.0,32.7,5.83,111.7,21.4,kidneybeans
14.9,50.4,31.2,6.55,100.4,28.4,kidneybeans
12.4,71.9,23.7,7.22,107.3,23.1,kidneybeans
31.3,59.4,29.4,7.14,82.1,20.4,kidneybeans
24.8,74.8,26.7,5.85,99.8,27.4,kidneybeans
13.0,57.2,22.8,6.2,81.5,26.2,kidneybeans
29.5,68.6,27.0,7.18,83.0,29.7,kidneybeans
29.0,53.8,33.5,6.15,98.0,16.0,kidneybeans
15.2,75.7,24.5,7.17,69.5,24.6,kidneybeans
30.8,65.4,26.1,5.93,52.3,19.6,kidneybeans
29.6,78.1,37.4,7.03,105.2,25.0,kidneybeans
17.8,77.2,33.4,6.62,57.8,21.7,kidneybeans
23.8,75.9,30.9,6.26,118.4,16.7,kidneybeans
22.7,51.3,34.8,7.34,69.6,27.9,kidneybeans
18.8,77.3,35.1,7.11,51.3,29.4,kidneybeans
31.8,59.1,36.6,6.06,111.1,16.7,kidneybeans
31.1,66.2,21.9,5.98,50.9,22.0,kidneybeans
19.0,68.0,25.9,6.1,102.0,15.7,kidneybeans
37.1,75.6,33.4,6.69,112.5,17.8,kidneybeans
12.4,57.2,35.9,5.57,90.8,29.9,kidneybeans
35.7,65.6,21.3,7.16,91.9,16.7,kidneybeans
12.8,77.3,33.4,7.16,111.5,23.6,kidneybeans
25.5,62.9,26.3,6.37,104.2,24.0,kidneybeans
36.8,63.3,32.1,6.76,91.4,25.5,kidneybeans
17.1,65.4,22.1,6.27,84.1,24.8,kidneybeans
38.5,68.0,34.9,6.51,94.4,16.1,kidneybeans
17.6,60.9,29.4,5.59,59.8,19.2,kidneybeans
39.1,59.9,29.6,5.89,92.8,19.2,kidneybeans
16.2,65.5,20.1,5.52,65.3,15.6,kidneybeans
13.2,60.2,36.1,6.64,85.9,19.4,kidneybeans
38.0,61.9,21.7,6.73,58.0,20.2,kidneybeans
25.2,76.2,29.9,6.9,119.5,17.0,kidneybeans
18.2,61.8,28.4,6.32,113.5,25.7,kidneybeans
28.2,59.3,36.5,7.41,107.5,15.0,kidneybeans
29.1,51.5,25.2,5.62,92.3,25.3,kidneybeans
13.4,61.5,29.1,6.24,58.5,21.3,kidneybeans
32.5,52.1,21.6,6.21,115.9,25.0,kidneybeans
30.4,60.9,31.9,5.52,94.5,28.7,kidneybeans
28.4,76.2,34.5,5.74,113.2,16.0,kidneybeans
26.0,54.3,20.2,6.34,70.7,22.3,kidneybeans
27.3,51.3,22.5,6.62,74.0,25.9,kidneybeans
29.6,75.4,33.8,6.36,97.1,19.1,kidneybeans
19.2,73.7,28.9,7.1,107.6,27.9,kidneybeans
37.5,62.9,26.4,6.66,76.0,24.0,kidneybeans
31.2,70.7,27.5,5.83,80.1,17.1,kidneybeans
36.7,60.4,23.1,5.55,95.2,24.6,kidneybeans
113.6,36.8,43.2,6.28,127.7,29.1,cotton
114.6,40.4,54.8,6.64,128.8,22.1,cotton
119.4,35.7,45.1,7.91,98.4,20.6,cotton
101.2,44.7,38.2,5.56,135.6,26.9,cotton
111.6,57.5,37.3,7.89,91.4,33.3,cotton
124.1,55.7,54.7,6.22,156.1,25.8,cotton
115.4,43.5,45.8,5.89,115.4,28.1,cotton
130.5,55.8,43.8,6.26,85.9,22.9,cotton
102.3,43.6,40.4,7.92,115.8,25.2,cotton
123.2,38.5,43.9,7.07,108.9,26.0,cotton
139.8,57.0,47.5,6.92,122.1,23.0,cotton
115.8,36.0,44.5,6.86,82.8,34.5,cotton
136.4,53.1,45.7,7.67,73.1,31.9,cotton
105.0,54.9,40.5,7.69,154.4,22.2,cotton
118.5,59.5,44.7,7.66,118.9,25.6,cotton
111.4,40.1,50.2,6.47,111.1,27.4,cotton
123.1,56.6,54.6,6.52,142.8,31.5,cotton
122.9,58.9,39.0,5.77,145.4,26.6,cotton
133.9,57.3,36.2,7.71,104.8,27.7,cotton
125.1,58.2,35.4,6.69,128.8,30.8,cotton
127.7,38.4,41.0,6.4,140.4,24.2,cotton
108.4,58.9,35.2,7.99,127.7,32.4,cotton
111.8,35.4,49.8,7.59,134.0,22.1,cotton
130.1,54.2,48.2,7.42,144.6,29.2,cotton
103.5,47.2,36.6,6.52,100.7,21.0,cotton
114.0,37.8,51.2,7.87,67.2,34.3,cotton
120.9,42.5,36.5,6.75,139.5,30.6,cotton
102.0,36.8,43.1,6.24,83.2,24.2,cotton
132.1,58.2,43.1,7.77,92.1,27.1,cotton
109.0,51.0,54.6,7.01,95.8,29.7,cotton
104.9,57.2,45.1,6.62,118.6,29.4,cotton
102.9,52.1,39.8,7.28,142.3,32.1,cotton
122.1,48.0,37.9,7.44,87.1,27.5,cotton
111.4,38.3,47.6,5.64,134.9,24.8,cotton
100.0,47.8,35.9,6.19,130.7,20.9,cotton
133.6,35.1,39.9,7.35,91.6,21.5,cotton
114.4,41.8,51.9,6.28,138.9,33.4,cotton
117.4,57.7,42.5,7.91,68.9,30.3,cotton
119.8,44.7,47.7,7.26,60.4,22.5,cotton
128.5,51.7,54.3,7.4,155.1,30.5,cotton
111.9,37.6,50.6,7.11,64.8,25.4,cotton
138.3,47.5,43.7,6.64,80.9,25.5,cotton
114.8,36.3,50.4,6.54,142.2,32.8,cotton
108.5,51.4,44.4,7.7,81.6,30.2,cotton
124.3,42.4,37.7,7.13,133.9,24.7,cotton
125.8,44.9,49.3,6.0,149.0,24.3,cotton
114.7,36.5,37.2,6.79,86.8,32.5,cotton
100.6,44.5,41.7,5.55,72.4,26.2,cotton
119.7,45.1,45.6,6.99,61.0,27.0,cotton
138.5,48.0,48.6,6.28,137.4,31.6,cotton
120.9,59.4,37.5,5.54,137.0,32.1,cotton
104.8,41.6,35.4,6.23,137.3,27.8,cotton
113.9,44.3,35.0,6.25,124.6,34.6,cotton
133.9,35.6,53.0,7.46,138.0,26.9,cotton
115.9,42.6,36.3,6.07,84.7,27.3,cotton
129.9,46.8,36.2,7.89,154.3,31.8,cotton
139.7,48.6,54.3,5.69,96.6,23.4,cotton
107.8,38.5,47.4,7.45,117.8,22.2,cotton
132.4,50.9,42.8,7.19,86.0,25.2,cotton
136.7,42.3,44.4,7.73,130.8,20.9,cotton
105.9,35.2,47.6,6.62,73.4,34.4,cotton
121.2,41.0,45.0,7.2,67.6,24.1,cotton
132.3,46.5,45.9,6.58,64.4,22.5,cotton
117.8,40.2,36.0,7.61,158.1,31.9,cotton
134.2,41.0,54.2,5.99,155.1,34.9,cotton
128.5,59.5,46.4,6.15,103.7,28.9,cotton
102.9,50.6,54.6,5.98,139.3,33.6,cotton
137.7,59.0,45.4,7.94,135.7,22.4,cotton
119.1,53.0,39.9,7.1,126.7,22.4,cotton
122.6,54.3,45.0,5.53,60.9,25.4,cotton
137.0,40.7,47.7,6.06,92.2,32.7,cotton
129.2,37.4,43.6,5.57,108.1,29.9,cotton
104.7,42.2,43.0,7.8,159.3,20.7,cotton
130.4,44.3,42.8,7.39,151.8,34.3,cotton
123.1,43.9,50.8,6.13,116.4,25.4,cotton
126.3,41.0,38.8,7.8,70.2,27.6,cotton
108.8,36.0,35.7,5.94,146.7,24.2,cotton
138.0,49.5,43.7,6.95,111.7,31.4,cotton
111.3,43.8,52.9,7.87,149.3,26.3,cotton
131.2,46.9,45.0,6.01,119.1,22.8,cotton
113.3,56.4,39.1,5.68,66.9,34.1,cotton
120.3,45.2,51.2,7.59,93.2,30.4,cotton
130.8,51.4,38.0,7.69,113.9,24.2,cotton
117.0,35.9,37.6,7.41,60.0,26.2,cotton
120.9,36.4,54.5,6.07,90.4,24.6,cotton
109.2,35.0,49.6,7.92,82.4,29.9,cotton
129.7,56.2,43.5,6.26,92.5,30.7,cotton
132.7,39.5,42.4,7.75,140.7,34.8,cotton
130.2,44.8,46.8,7.15,67.8,28.2,cotton
128.4,39.2,50.6,6.96,155.2,20.6,cotton
110.6,50.0,40.9,7.29,135.9,21.5,cotton
120.6,47.7,42.4,7.83,142.8,30.5,cotton
128.6,46.5,53.4,7.24,132.9,32.9,cotton
111.0,55.2,38.9,6.36,93.6,34.7,cotton
134.3,52.5,49.5,6.91,154.7,27.4,cotton
115.2,39.1,50.7,7.34,98.4,20.4,cotton
133.6,35.3,49.1,7.93,103.8,23.5,cotton
128.2,55.4,45.9,7.92,65.2,27.6,cotton
128.7,56.6,38.6,7.5,115.3,25.9,cotton
105.3,56.6,38.1,6.27,89.0,33.1,cotton
106.9,93.9,41.3,6.75,185.8,32.5,banana
116.2,70.4,51.9,5.6,182.3,24.3,banana
92.3,80.6,50.5,6.17,209.9,26.1,banana
82.7,93.5,42.1,6.37,202.8,25.0,banana
82.3,81.2,58.6,6.78,200.7,29.5,banana
88.0,82.6,53.8,5.7,141.7,24.1,banana
97.3,99.4,36.7,6.54,126.9,34.6,banana
84.5,82.1,53.4,6.91,163.4,25.2,banana
95.9,77.9,40.1,6.47,140.3,24.3,banana
106.3,99.1,50.1,5.65,111.3,34.3,banana
91.9,72.8,50.0,6.75,197.3,24.0,banana
80.6,99.0,41.3,6.85,206.0,29.2,banana
92.5,78.1,49.9,7.23,242.0,21.6,banana
86.2,98.3,53.4,7.27,130.4,28.8,banana
108.0,90.4,45.2,5.53,187.4,23.8,banana
98.0,98.7,45.0,7.18,128.3,30.1,banana
119.1,73.1,35.2,6.37,113.9,31.2,banana
116.6,83.0,41.5,6.37,208.5,20.1,banana
103.6,88.4,50.9,5.98,207.1,21.4,banana
88.0,96.3,53.5,5.53,137.3,23.2,banana
90.8,77.4,36.6,6.42,209.9,29.1,banana
106.9,72.4,58.8,7.18,220.8,32.3,banana
117.3,86.3,40.0,6.73,211.4,31.1,banana
100.9,72.1,44.3,7.34,187.7,28.1,banana
90.8,81.1,57.4,6.83,218.1,26.8,banana
105.2,77.5,52.6,6.36,166.4,29.7,banana
117.5,71.9,55.6,6.08,166.6,20.3,banana
92.0,85.1,36.4,6.48,239.1,21.6,banana
110.6,82.3,51.4,6.02,123.9,22.4,banana
82.8,75.6,51.6,7.26,222.1,30.3,banana
84.4,78.7,42.7,6.0,177.3,28.0,banana
94.3,80.6,55.7,7.08,146.2,33.7,banana
118.1,79.8,43.9,6.51,241.2,33.1,banana
84.1,81.8,48.8,6.51,129.1,32.9,banana
107.1,95.1,56.5,7.0,165.9,29.2,banana
86.4,90.2,39.5,6.89,134.4,21.8,banana
86.6,70.1,53.0,6.96,177.2,22.4,banana
83.3,70.6,39.1,7.28,136.2,25.3,banana
84.2,76.7,48.0,6.72,136.8,20.9,banana
95.6,77.0,40.5,7.42,192.4,28.4,banana
96.6,82.9,48.5,6.89,205.3,22.6,banana
100.0,82.4,56.8,6.76,179.9,21.7,banana
104.2,73.5,43.4,5.79,203.8,23.1,banana
95.7,96.9,40.1,6.52,162.9,20.3,banana
111.7,72.1,46.9,6.62,194.3,30.3,banana
90.1,70.3,53.1,6.57,225.4,32.3,banana
113.7,84.6,43.3,7.08,167.7,22.8,banana
114.2,96.5,46.7,5.65,158.2,32.1,banana
116.1,76.1,36.7,7.25,158.4,28.1,banana
118.7,72.0,51.2,5.65,156.3,32.1,banana
97.3,99.9,49.0,6.14,133.0,25.3,banana
94.9,72.1,44.2,6.43,208.4,29.9,banana
108.4,70.3,40.4,6.82,172.6,20.1,banana
112.2,93.2,48.7,5.63,215.0,28.8,banana
111.3,92.6,55.1,6.54,121.0,30.1,banana
104.8,92.3,39.2,5.89,233.6,31.2,banana
116.3,92.8,49.9,6.81,233.4,28.7,banana
105.3,74.7,46.8,6.93,140.6,23.0,banana
92.6,77.2,40.4,6.35,236.2,27.6,banana
87.5,72.3,52.4,6.27,223.3,29.9,banana
111.8,78.2,52.3,6.03,240.9,29.5,banana
93.0,78.1,39.8,6.89,132.8,28.9,banana
90.6,89.9,55.4,7.06,214.1,22.8,banana
83.5,91.0,44.2,6.36,104.7,23.9,banana
81.3,96.4,41.1,6.61,105.8,30.0,banana
92.9,96.9,57.2,6.15,235.1,34.9,banana
113.0,95.3,41.2,6.65,110.1,21.4,banana
120.0,79.8,53.7,7.11,228.7,35.0,banana
89.7,71.2,45.3,5.76,103.4,25.4,banana
111.3,87.0,42.8,6.81,134.8,20.2,banana
110.6,88.7,54.1,5.58,225.6,29.3,banana
102.5,88.7,56.6,6.67,187.1,34.9,banana
110.3,83.3,52.7,6.28,134.3,29.0,banana
117.1,97.9,43.5,6.56,131.7,34.9,banana
119.2,89.5,55.1,6.93,189.0,20.8,banana
98.2,90.2,51.9,6.25,241.3,22.5,banana
100.0,90.7,52.4,6.8,141.3,22.3,banana
105.4,88.0,39.5,6.91,168.3,30.0,banana
113.5,75.1,35.5,7.06,191.5,30.5,banana
113.5,94.1,59.0,6.57,173.3,26.0,banana
86.1,87.2,41.9,7.34,187.5,28.9,banana
94.2,71.6,35.8,6.35,112.7,29.1,banana
115.2,96.5,51.5,5.92,229.4,33.3,banana
87.9,92.1,42.2,7.11,249.6,20.5,banana
115.9,88.7,59.3,6.43,227.1,20.9,banana
93.4,72.0,59.4,7.13,227.9,34.1,banana
83.4,81.6,36.8,5.92,134.4,27.0,banana
90.7,73.0,39.2,5.79,246.0,31.4,banana
118.7,83.2,42.0,7.1,148.9,24.5,banana
89.3,73.9,41.4,6.21,201.1,20.9,banana
88.4,94.3,38.7,6.19,229.7,22.3,banana
83.3,84.5,42.6,6.63,220.6,22.1,banana
103.2,85.2,38.6,6.75,141.0,27.3,banana
83.3,83.8,42.7,7.14,108.5,26.3,banana
98.3,91.8,49.4,6.83,216.6,32.9,banana
92.6,86.1,56.0,7.48,233.4,25.6,banana
87.8,84.7,53.5,6.49,172.5,32.6,banana
94.5,95.8,45.2,6.16,168.1,31.4,banana
85.0,75.9,58.8,5.85,185.2,28.7,banana
99.6,89.3,40.7,6.61,155.8,29.9,banana
14.2,26.4,23.7,6.06,106.2,22.7,mango
34.8,20.7,38.5,7.44,148.6,22.1,mango
21.2,31.0,27.3,5.67,146.8,32.7,mango
33.9,18.5,33.5,5.94,106.2,33.1,mango
17.5,20.3,20.0,7.24,175.1,29.4,mango
32.5,18.0,29.2,6.2,91.3,27.3,mango
37.6,15.8,25.8,5.92,108.6,33.6,mango
24.0,24.3,35.2,5.81,138.5,26.4,mango
27.9,35.0,35.4,6.3,179.3,22.6,mango
10.9,19.1,26.8,6.52,153.8,33.7,mango
25.3,25.0,21.0,5.57,146.1,26.6,mango
35.2,18.2,20.5,6.4,108.5,20.7,mango
31.7,17.2,32.2,6.06,100.8,25.7,mango
34.0,22.8,35.0,5.75,172.7,23.6,mango
30.3,26.3,38.6,6.27,87.9,20.3,mango
34.8,25.5,35.5,5.97,121.4,20.5,mango
38.8,28.4,38.7,6.03,153.4,30.2,mango
19.5,32.0,38.9,7.27,168.7,24.2,mango
18.4,34.3,20.2,6.93,164.7,29.3,mango
39.7,21.2,26.8,5.66,133.1,23.9,mango
20.3,31.7,38.7,5.87,124.7,33.9,mango
11.9,16.8,23.3,6.69,98.1,34.5,mango
23.4,25.0,24.9,6.44,159.4,31.3,mango
32.6,26.6,38.1,7.13,170.8,20.8,mango
10.2,19.2,33.3,6.32,128.3,33.3,mango
36.9,33.2,26.3,6.88,112.6,22.9,mango
15.5,21.8,28.6,7.16,94.4,31.0,mango
25.9,20.8,29.9,6.1,151.5,26.5,mango
14.9,17.3,30.9,7.3,121.3,31.0,mango
29.8,33.6,36.4,6.63,158.8,33.5,mango
22.0,21.5,20.2,7.15,176.1,21.6,mango
27.3,24.3,22.4,7.46,105.8,21.0,mango
27.8,29.8,20.6,6.82,143.9,21.5,mango
15.2,26.4,25.9,7.38,178.2,34.8,mango
17.8,34.4,28.6,6.2,86.0,20.8,mango
30.8,24.2,24.5,6.73,110.3,28.7,mango
20.8,31.5,36.4,6.45,122.1,25.4,mango
34.2,21.6,24.2,5.67,136.0,27.2,mango
35.2,19.4,27.6,7.12,178.8,25.8,mango
23.8,21.1,38.7,5.74,192.0,30.3,mango
25.9,15.7,29.5,6.32,99.3,29.8,mango
39.1,26.2,34.3,5.64,130.1,21.7,mango
28.4,33.8,33.2,5.65,122.6,28.3,mango
22.1,31.7,36.3,6.72,124.8,23.8,mango
13.2,22.1,28.3,6.85,159.0,21.1,mango
21.9,18.6,23.1,7.15,85.0,26.3,mango
15.0,32.6,31.1,5.96,140.3,31.0,mango
38.7,19.4,37.7,7.37,190.0,29.5,mango
28.9,23.1,35.0,6.56,161.3,26.4,mango
31.9,31.5,22.9,7.17,144.8,32.7,mango
22.9,22.6,38.3,6.0,181.3,27.3,mango
25.4,21.2,31.5,6.15,84.7,24.1,mango
10.2,34.6,39.3,6.29,167.4,25.2,mango
30.1,31.1,38.9,6.3,174.0,24.0,mango
39.7,15.5,32.1,6.82,162.6,21.8,mango
38.2,18.6,32.5,5.95,116.9,28.2,mango
22.5,18.2,23.4,6.34,170.9,33.5,mango
12.5,22.9,22.0,5.53,159.4,29.0,mango
14.9,19.7,20.5,7.17,197.0,22.0,mango
16.9,32.4,38.5,6.34,86.1,20.6,mango
27.2,22.9,20.6,6.67,81.4,31.8,mango
19.2,15.8,31.8,6.3,196.9,28.2,mango
18.3,29.2,25.4,7.31,125.0,28.2,mango
11.5,23.5,36.6,7.11,106.9,23.4,mango
34.5,33.6,21.9,6.4,120.5,33.1,mango
12.5,19.2,35.0,5.6,139.1,26.6,mango
20.0,22.9,30.6,5.82,148.6,32.1,mango
32.8,18.1,23.0,6.04,123.3,26.1,mango
30.4,16.1,20.7,6.28,163.7,22.9,mango
29.2,20.2,37.7,7.29,115.7,23.4,mango
22.3,19.8,33.4,7.15,160.8,32.4,mango
21.9,18.1,34.8,6.22,160.6,24.1,mango
12.4,34.9,23.1,7.48,197.3,31.9,mango
29.8,26.6,37.3,6.08,136.1,29.3,mango
22.3,23.5,26.6,6.63,182.1,23.0,mango
38.0,28.8,36.5,6.61,173.5,20.2,mango
34.6,15.8,37.8,7.48,115.3,23.2,mango
33.0,20.1,37.3,5.71,95.1,34.7,mango
30.2,31.9,26.5,6.85,151.3,29.0,mango
30.5,26.5,28.6,6.05,172.2,23.4,mango
30.8,19.7,32.5,6.99,106.2,20.9,mango
13.9,27.1,37.0,5.59,168.1,25.1,mango
24.4,33.6,26.6,6.43,81.6,21.2,mango
17.8,15.6,32.6,6.35,145.8,22.6,mango
18.9,28.3,39.3,5.6,186.8,28.7,mango
26.9,25.0,21.4,5.68,152.1,25.1,mango
37.5,23.1,22.9,6.93,115.2,27.9,mango
30.9,33.0,35.8,6.85,161.6,34.2,mango
18.9,15.0,25.4,5.94,159.4,29.5,mango
27.8,15.3,34.6,6.15,159.8,28.3,mango
20.3,17.7,21.9,7.16,190.2,29.7,mango
13.1,23.0,34.6,7.06,94.2,20.0,mango
31.4,22.1,25.1,5.53,144.8,32.8,mango
38.7,26.3,30.3,5.67,145.9,25.7,mango
28.2,22.8,24.8,5.69,117.8,21.4,mango
15.3,34.7,28.9,6.56,184.8,34.9,mango
27.5,31.2,26.5,6.11,128.3,30.1,mango
30.5,21.3,22.7,6.76,95.4,28.7,mango
30.8,29.0,35.1,7.25,140.0,31.0,mango
28.6,18.7,20.5,6.07,133.2,29.3,mango
54.0,24.9,23.8,7.43,57.6,24.6,grapes
43.4,33.5,22.6,5.61,57.4,26.7,grapes
41.8,25.8,39.1,7.14,52.9,25.0,grapes
47.6,26.3,29.2,6.73,112.9,31.2,grapes
43.3,38.3,30.9,6.78,82.6,18.8,grapes
48.1,33.9,30.8,7.32,51.5,21.3,grapes
22.3,39.2,41.1,6.16,97.3,22.9,grapes
50.3,31.4,32.4,7.37,67.6,17.4,grapes
43.4,44.2,31.3,5.62,73.8,25.1,grapes
26.5,36.5,49.9,6.4,74.8,23.0,grapes
24.6,42.1,32.4,6.27,96.2,23.8,grapes
45.9,21.5,44.4,7.38,95.4,34.1,grapes
26.1,31.9,38.1,6.66,78.1,21.8,grapes
25.1,29.8,24.9,6.97,64.6,16.2,grapes
42.1,34.9,46.2,6.65,74.2,31.1,grapes
41.6,22.0,37.0,7.32,77.7,20.9,grapes
25.7,23.8,33.0,6.69,55.6,33.8,grapes
50.2,34.7,44.9,5.66,83.4,27.6,grapes
53.1,39.6,28.3,7.38,58.7,32.5,grapes
58.8,24.4,41.7,5.58,78.4,25.3,grapes
43.2,43.4,40.2,6.46,106.7,34.0,grapes
20.9,44.6,22.6,7.13,69.6,17.6,grapes
37.6,36.1,31.4,5.61,92.0,33.0,grapes
35.3,25.4,33.3,5.6,107.4,31.5,grapes
43.5,28.8,44.0,6.61,107.8,27.6,grapes
51.4,35.0,32.4,7.42,87.9,27.1,grapes
28.8,35.6,37.1,5.87,54.2,27.1,grapes
50.5,33.1,26.8,6.83,55.6,23.8,grapes
26.5,24.6,26.1,6.27,53.6,23.0,grapes
40.5,32.1,31.5,7.18,60.2,25.1,grapes
22.5,21.8,37.2,6.63,111.5,26.2,grapes
58.4,21.2,22.9,5.59,63.0,25.8,grapes
45.8,21.1,48.4,7.18,70.8,16.5,grapes
26.8,23.2,23.7,6.54,67.2,22.2,grapes
59.6,37.1,48.5,5.79,76.7,26.1,grapes
23.1,20.1,40.1,6.78,78.8,24.8,grapes
36.6,20.6,30.1,5.85,56.9,34.1,grapes
44.0,38.2,29.5,6.29,66.6,16.9,grapes
27.2,39.9,40.3,6.59,83.3,33.4,grapes
22.9,27.0,30.5,7.06,119.5,19.8,grapes
55.0,40.8,26.7,6.3,78.7,34.6,grapes
27.2,40.0,30.0,6.96,79.4,26.6,grapes
53.3,40.1,46.0,5.62,98.4,17.8,grapes
36.6,33.7,32.1,6.54,119.8,17.7,grapes
47.0,29.9,24.0,5.82,116.4,32.6,grapes
56.3,44.8,26.2,6.21,96.8,24.7,grapes
36.7,28.9,37.8,6.65,61.3,24.4,grapes
42.1,34.3,26.3,6.98,51.8,22.1,grapes
51.2,34.1,27.8,6.89,89.7,30.9,grapes
49.4,35.3,34.6,5.77,68.3,23.4,grapes
44.0,32.8,28.6,5.51,84.7,20.7,grapes
49.4,20.6,37.5,7.38,62.2,24.4,grapes
23.7,35.6,36.5,6.31,86.5,32.9,grapes
27.9,20.6,45.8,6.65,112.3,26.9,grapes
52.4,30.7,42.5,7.33,90.0,18.6,grapes
30.8,25.0,27.4,6.11,88.9,26.8,grapes
37.1,35.4,22.4,5.68,62.0,25.4,grapes
28.6,27.1,32.0,7.12,51.0,28.0,grapes
46.8,40.0,48.0,5.54,60.8,32.7,grapes
38.3,34.1,39.9,6.86,115.2,34.9,grapes
48.8,27.2,46.4,5.6,66.2,32.9,grapes
30.2,25.5,24.1,7.22,85.0,28.5,grapes
29.6,39.0,42.8,6.13,78.7,19.2,grapes
59.1,36.1,48.0,6.11,104.7,30.3,grapes
47.7,44.1,31.8,5.76,97.0,29.6,grapes
43.0,25.2,35.1,6.12,79.9,27.9,grapes
49.8,25.8,32.2,6.04,63.9,30.7,grapes
56.4,29.3,42.5,7.29,109.2,18.7,grapes
58.3,29.4,30.2,5.62,84.0,17.2,grapes
29.9,27.9,44.3,7.25,71.2,32.2,grapes
54.3,39.1,24.4,6.88,116.2,28.7,grapes
33.3,32.5,39.4,6.52,58.4,21.2,grapes
52.1,41.5,24.1,7.4,73.0,28.2,grapes
50.1,40.3,48.4,6.13,110.1,17.6,grapes
48.2,38.5,40.3,6.0,111.1,18.4,grapes
22.1,37.9,34.3,7.2,76.8,18.4,grapes
53.5,33.7,25.7,6.94,85.8,27.1,grapes
38.4,40.7,44.9,6.92,57.4,31.8,grapes
46.8,37.4,30.9,7.26,100.8,17.3,grapes
36.3,42.2,21.4,7.42,97.5,27.6,grapes
30.8,26.2,48.3,6.1,104.3,22.9,grapes
25.6,20.3,36.3,7.45,75.8,22.1,grapes
33.8,33.0,33.2,7.26,85.4,25.2,grapes
25.5,44.6,27.5,5.65,96.4,26.9,grapes
36.6,30.6,43.6,5.89,107.4,28.0,grapes
36.8,31.5,27.7,7.0,85.9,21.4,grapes
43.8,44.9,33.1,7.34,74.2,16.1,grapes
28.2,30.5,26.6,5.5,114.1,31.9,grapes
49.7,24.2,23.6,5.64,100.7,33.6,grapes
37.2,23.0,35.4,6.2,76.2,27.4,grapes
48.7,22.8,21.1,7.49,66.3,16.1,grapes
27.6,21.0,31.8,7.1,73.9,23.9,grapes
47.0,32.7,45.8,7.23,50.7,30.6,grapes
38.4,44.7,34.5,7.47,102.8,20.0,grapes
41.5,44.8,45.7,5.69,99.4,21.9,grapes
20.3,30.1,27.0,7.14,73.6,31.6,grapes
20.0,27.7,27.2,5.97,54.8,18.7,grapes
42.2,27.3,32.5,6.25,111.3,33.1,grapes
39.7,28.3,23.2,7.41,54.2,21.0,grapes
31.9,28.0,24.9,7.07,58.6,27.7,grapes
85.0,36.8,52.7,5.88,89.3,28.2,watermelon
83.1,58.9,36.2,7.22,50.1,32.8,watermelon
80.5,47.8,49.2,7.37,94.6,32.3,watermelon
115.5,40.0,37.1,6.08,62.6,25.9,watermelon
101.8,39.0,47.3,5.84,58.6,27.6,watermelon
111.9,53.5,46.1,5.81,72.8,21.3,watermelon
95.1,45.3,31.0,6.05,97.3,34.3,watermelon
94.1,36.1,34.5,6.28,96.9,22.1,watermelon
110.5,37.7,54.5,6.26,86.5,25.1,watermelon
105.1,39.8,33.7,7.38,95.1,33.3,watermelon
105.0,55.2,31.7,6.17,58.8,29.5,watermelon
94.2,38.7,44.9,7.13,62.9,22.0,watermelon
87.9,40.9,37.5,6.79,76.1,30.4,watermelon
94.5,55.6,35.1,6.44,88.1,22.7,watermelon
84.4,57.1,38.6,6.87,41.5,30.4,watermelon
92.6,36.4,45.2,5.98,63.2,21.2,watermelon
85.9,42.4,32.2,7.32,40.4,27.3,watermelon
84.9,42.7,53.2,5.82,97.9,23.1,watermelon
109.7,48.7,52.1,6.61,72.1,22.9,watermelon
86.6,57.9,38.2,6.24,85.6,25.1,watermelon
118.1,53.4,44.9,7.26,43.0,23.9,watermelon
98.6,40.7,48.6,7.34,65.4,25.1,watermelon
118.5,46.1,42.2,6.2,94.6,28.5,watermelon
110.5,55.3,38.5,6.37,90.9,25.4,watermelon
111.8,58.5,45.6,6.98,88.3,32.7,watermelon
95.8,36.3,40.0,6.85,67.0,31.2,watermelon
94.3,50.9,34.7,7.0,72.7,23.1,watermelon
91.7,53.7,42.1,5.93,98.0,30.7,watermelon
118.3,45.7,41.9,7.3,71.5,30.6,watermelon
90.1,46.2,33.1,5.91,40.1,20.6,watermelon
119.1,41.1,46.6,7.18,73.0,22.3,watermelon
109.1,50.0,48.3,7.04,98.5,28.6,watermelon
93.7,51.2,31.7,7.29,47.2,24.9,watermelon
112.6,49.9,39.8,6.45,91.3,25.1,watermelon
114.8,37.2,49.4,7.2,50.9,26.5,watermelon
86.6,52.7,43.4,6.77,51.8,23.2,watermelon
81.7,43.1,44.0,7.22,80.0,26.5,watermelon
118.1,53.0,53.3,6.56,55.5,20.8,watermelon
109.0,38.0,37.6,6.56,73.9,29.0,watermelon
86.7,44.5,45.4,7.44,83.7,33.8,watermelon
110.5,49.8,34.8,6.83,77.4,29.0,watermelon
99.6,48.2,38.4,6.54,51.9,32.1,watermelon
87.4,37.1,40.9,6.82,66.3,24.2,watermelon
102.3,43.7,53.3,7.35,70.1,24.9,watermelon
109.5,35.9,41.9,6.17,95.2,20.2,watermelon
102.1,53.5,42.1,5.67,98.3,27.8,watermelon
104.6,40.9,42.1,6.36,44.5,21.6,watermelon
113.5,41.0,34.9,6.51,86.1,20.9,watermelon
103.1,38.0,30.9,5.61,90.0,21.8,watermelon
81.8,45.9,51.1,6.02,65.3,20.6,watermelon
98.0,49.4,44.3,6.16,58.9,21.6,watermelon
94.7,37.5,49.2,7.43,98.2,33.0,watermelon
104.0,52.5,37.1,6.76,67.3,27.2,watermelon
110.3,42.0,38.0,7.35,43.4,27.3,watermelon
116.5,50.3,43.7,6.0,60.6,32.8,watermelon
102.4,47.9,32.5,5.53,97.8,25.7,watermelon
104.1,37.0,47.1,7.37,74.5,21.9,watermelon
103.3,54.2,40.2,7.26,78.9,33.5,watermelon
104.9,38.3,37.7,5.9,94.5,31.4,watermelon
107.1,42.5,34.6,7.01,68.4,23.4,watermelon
104.7,36.0,38.2,6.44,48.9,34.8,watermelon
88.4,38.3,35.1,7.04,65.5,28.5,watermelon
80.8,35.9,41.1,7.13,93.1,21.3,watermelon
101.5,57.8,39.7,7.16,48.0,34.0,watermelon
110.1,58.5,46.9,6.23,96.3,24.1,watermelon
93.3,52.5,49.1,7.36,52.3,32.0,watermelon
109.5,36.6,39.7,6.07,58.3,34.7,watermelon
105.7,52.9,54.4,6.25,88.1,26.5,watermelon
114.8,39.5,53.7,5.94,59.6,31.3,watermelon
95.8,50.2,41.1,6.98,53.7,20.9,watermelon
92.0,46.9,34.2,6.21,64.0,20.9,watermelon
103.3,57.1,33.8,6.7,79.9,26.3,watermelon
108.0,45.3,42.6,5.51,81.5,29.9,watermelon
81.5,44.2,54.5,6.34,70.1,33.6,watermelon
108.7,49.6,49.9,7.23,67.4,27.1,watermelon
95.4,59.2,47.4,5.67,91.8,27.2,watermelon
82.8,48.7,40.4,7.26,52.2,32.4,watermelon
102.3,36.4,54.3,6.53,57.5,27.0,watermelon
114.3,42.6,34.8,5.76,57.9,31.7,watermelon
98.9,40.7,34.2,6.17,96.4,25.1,watermelon
119.5,47.1,34.5,7.28,67.6,30.6,watermelon
119.3,36.3,32.4,6.94,56.9,22.8,watermelon
81.6,35.5,49.4,5.77,68.1,29.1,watermelon
97.1,35.7,49.6,5.52,85.7,33.4,watermelon
97.3,48.4,41.9,6.28,93.2,33.4,watermelon
93.4,50.4,53.2,7.42,70.5,26.8,watermelon
91.1,59.0,33.6,6.66,57.0,24.2,watermelon
96.2,60.0,31.4,6.66,45.0,22.3,watermelon
97.6,47.8,36.5,6.13,45.2,24.5,watermelon
118.7,58.6,38.4,6.64,94.6,20.1,watermelon
112.4,58.7,32.3,5.82,97.6,28.1,watermelon
80.6,41.4,41.2,6.89,84.0,34.9,watermelon
91.5,48.5,43.3,6.31,50.1,34.7,watermelon
114.1,47.5,45.1,5.95,72.6,30.4,watermelon
100.6,59.8,45.3,6.24,86.3,22.6,watermelon
95.4,43.7,40.8,7.06,69.1,31.9,watermelon
103.1,43.6,50.2,5.98,53.5,27.6,watermelon
90.4,35.2,46.2,6.52,66.7,34.5,watermelon
102.8,56.6,33.5,6.64,92.1,28.7,watermelon
108.7,44.3,32.3,6.42,63.7,33.0,watermelon
79.8,54.2,49.0,6.0,60.9,33.4,muskmelon
108.7,41.1,33.0,6.55,81.3,24.1,muskmelon
99.5,31.3,26.2,6.27,61.2,24.7,muskmelon
89.6,38.0,29.8,6.12,98.5,26.2,muskmelon
87.8,44.4,49.6,5.98,80.9,30.7,muskmelon
94.3,32.2,41.9,5.63,75.8,31.1,muskmelon
78.4,51.0,25.8,7.19,67.6,23.3,muskmelon
75.4,53.8,26.8,5.9,60.9,29.3,muskmelon
91.8,33.1,32.2,5.98,52.8,26.2,muskmelon
98.2,35.4,34.2,6.28,98.6,34.3,muskmelon
102.0,36.0,26.7,6.13,56.0,27.6,muskmelon
101.1,51.5,46.1,6.22,81.2,24.7,muskmelon
72.4,47.5,25.2,6.32,59.8,30.4,muskmelon
100.6,37.6,45.3,6.09,66.8,30.9,muskmelon
97.7,54.7,30.6,6.82,76.6,33.7,muskmelon
76.3,48.8,39.2,6.05,68.5,25.0,muskmelon
93.2,52.2,39.2,6.76,71.1,20.8,muskmelon
79.3,42.3,32.8,5.86,70.2,24.8,muskmelon
80.3,41.6,28.3,7.36,92.1,30.6,muskmelon
74.2,49.4,45.2,7.04,46.8,29.7,muskmelon
103.4,44.4,41.2,6.42,71.7,20.5,muskmelon
95.6,32.0,35.9,6.09,72.7,22.0,muskmelon
97.7,49.9,29.1,5.71,48.7,33.2,muskmelon
91.1,41.7,27.7,6.8,92.1,32.4,muskmelon
95.0,31.9,27.8,5.6,55.4,22.0,muskmelon
80.4,39.6,48.6,6.72,90.1,30.7,muskmelon
74.5,48.4,31.9,6.78,60.5,35.0,muskmelon
80.5,37.0,48.3,5.55,81.8,30.9,muskmelon
103.5,54.4,49.4,5.63,89.3,29.7,muskmelon
95.9,33.2,41.3,7.46,94.7,26.6,muskmelon
71.6,39.1,45.7,6.9,67.6,20.8,muskmelon
87.1,41.7,48.2,6.78,58.7,27.9,muskmelon
72.6,54.3,34.0,6.46,61.3,30.2,muskmelon
96.5,47.9,31.7,6.13,47.5,29.8,muskmelon
71.6,44.9,46.7,7.28,66.9,26.9,muskmelon
73.1,46.8,45.5,5.99,65.3,32.6,muskmelon
105.1,36.1,38.8,5.88,46.1,33.7,muskmelon
102.8,49.0,26.2,7.19,66.3,25.1,muskmelon
91.9,32.3,43.9,6.66,51.2,22.8,muskmelon
77.4,31.4,39.7,7.18,41.0,20.7,muskmelon
92.9,50.5,33.2,6.2,75.8,24.1,muskmelon
71.1,48.4,40.6,6.66,84.5,30.1,muskmelon
78.2,38.8,28.2,5.76,80.6,32.9,muskmelon
108.5,45.7,29.6,5.71,88.8,28.7,muskmelon
94.7,49.5,42.6,7.17,43.4,31.2,muskmelon
104.0,37.2,41.0,6.13,97.5,20.5,muskmelon
93.2,34.2,42.8,5.85,54.1,27.4,muskmelon
106.6,35.3,28.6,7.02,70.0,33.7,muskmelon
75.9,46.1,30.8,5.81,81.0,28.9,muskmelon
100.2,37.7,36.2,6.31,99.0,24.4,muskmelon
81.8,38.9,39.1,6.0,94.9,24.0,muskmelon
105.8,32.6,41.4,7.31,50.1,34.5,muskmelon
88.1,53.6,41.9,6.1,51.3,24.6,muskmelon
73.7,33.6,27.6,6.35,87.7,22.1,muskmelon
75.2,46.1,29.9,5.7,50.0,33.9,muskmelon
102.9,38.9,41.4,6.57,80.6,30.2,muskmelon
95.1,36.7,26.0,6.41,93.5,28.5,muskmelon
103.3,54.8,29.1,6.88,80.5,34.7,muskmelon
109.4,47.2,31.1,7.1,46.4,31.7,muskmelon
106.4,39.6,40.8,6.36,66.3,24.7,muskmelon
100.5,53.4,48.5,5.85,92.5,31.1,muskmelon
80.1,31.7,31.7,7.32,78.0,30.8,muskmelon
80.3,48.0,25.7,6.25,77.6,22.2,muskmelon
102.9,35.9,41.3,6.31,75.8,21.6,muskmelon
70.7,52.7,31.7,7.14,100.0,23.2,muskmelon
80.6,46.6,49.1,7.33,70.2,31.9,muskmelon
75.4,54.4,49.1,5.83,58.0,21.5,muskmelon
80.9,50.4,34.5,5.68,60.5,34.7,muskmelon
95.2,40.4,29.2,7.47,89.3,24.2,muskmelon
72.8,31.4,28.0,6.66,95.7,27.5,muskmelon
103.7,41.1,42.7,6.96,50.4,25.4,muskmelon
95.5,31.8,34.0,6.57,99.8,27.1,muskmelon
102.6,40.8,44.9,6.69,93.2,26.2,muskmelon
94.2,45.8,35.4,5.79,45.6,20.3,muskmelon
104.9,35.9,30.3,6.97,59.2,27.6,muskmelon
76.5,54.0,46.3,7.23,64.4,31.4,muskmelon
75.8,30.2,25.5,6.67,67.3,27.8,muskmelon
70.3,40.6,43.0,6.39,83.9,23.5,muskmelon
102.5,44.7,30.3,5.97,77.7,32.4,muskmelon
86.6,36.5,46.7,6.84,66.9,27.3,muskmelon
78.2,45.7,34.0,7.49,68.8,27.3,muskmelon
92.6,52.9,45.0,6.4,83.1,28.8,muskmelon
89.7,34.8,36.6,5.99,94.9,25.0,muskmelon
108.1,43.3,40.8,6.59,47.8,25.6,muskmelon
74.0,45.6,36.2,7.06,53.2,22.5,muskmelon
86.3,53.2,42.8,6.34,71.0,21.3,muskmelon
109.4,46.7,32.1,6.67,46.6,34.5,muskmelon
77.0,46.2,31.1,6.94,86.6,30.1,muskmelon
94.6,52.3,27.0,6.16,54.9,34.8,muskmelon
85.6,48.3,42.1,5.92,54.3,24.2,muskmelon
86.4,35.9,25.5,7.26,97.9,25.1,muskmelon
83.5,30.2,42.0,7.15,48.8,22.4,muskmelon
101.6,45.4,26.1,6.75,58.5,25.5,muskmelon
100.8,50.3,35.0,7.39,64.4,31.6,muskmelon
89.4,52.4,47.7,5.67,96.2,32.4,muskmelon
101.7,35.0,45.1,7.2,57.3,34.3,muskmelon
72.0,33.7,38.4,6.65,78.7,20.3,muskmelon
108.4,31.1,28.6,5.53,74.0,34.0,muskmelon
96.6,50.6,25.3,6.58,67.6,27.5,muskmelon
72.9,47.1,37.6,7.03,69.1,22.2,muskmelon
29.4,13.4,27.4,6.53,98.9,31.5,orange
25.6,11.5,22.5,5.63,176.4,29.4,orange
39.4,20.0,19.1,6.88,95.9,25.7,orange
26.4,11.8,18.4,7.13,182.7,19.4,orange
12.7,15.3,27.5,5.32,166.4,19.4,orange
28.7,17.1,25.8,5.58,156.7,21.3,orange
31.4,27.5,12.5,7.17,151.2,19.8,orange
22.8,13.2,24.0,6.9,92.7,25.1,orange
34.4,28.7,20.3,7.38,144.3,23.5,orange
35.4,19.9,19.4,6.23,181.6,29.6,orange
22.1,16.7,19.8,6.43,108.6,29.1,orange
24.6,16.7,12.1,5.6,193.9,22.3,orange
15.1,19.2,16.1,5.09,118.8,25.6,orange
26.6,17.1,18.9,7.41,125.3,21.6,orange
17.3,19.2,25.2,5.51,165.1,18.3,orange
22.6,25.5,16.8,6.41,104.6,28.4,orange
11.6,27.1,14.0,7.19,122.3,28.1,orange
19.6,28.1,12.5,5.45,139.2,19.1,orange
15.9,28.9,29.5,5.94,190.8,25.6,orange
18.1,24.0,23.2,7.47,111.8,27.4,orange
11.6,12.3,10.1,7.5,176.3,29.0,orange
25.3,16.0,13.0,5.71,125.1,28.6,orange
26.2,11.5,10.4,5.26,129.3,31.1,orange
29.1,26.0,19.3,5.9,93.0,30.3,orange
33.5,13.4,20.2,6.22,155.0,31.2,orange
27.4,20.8,11.0,5.16,102.5,18.5,orange
32.3,24.5,12.7,7.09,98.6,22.2,orange
17.5,17.4,15.1,6.22,128.9,31.8,orange
11.7,12.8,11.1,6.56,86.5,29.7,orange
25.4,20.5,21.2,5.43,103.7,22.5,orange
27.8,14.2,12.3,7.43,82.6,29.2,orange
33.6,15.9,12.7,5.36,163.7,27.0,orange
33.5,28.7,23.8,5.39,109.2,29.8,orange
16.3,11.5,24.1,6.01,190.4,27.1,orange
12.7,29.0,15.2,5.84,128.3,18.7,orange
24.9,12.5,18.0,5.88,172.7,29.2,orange
14.6,17.3,17.5,5.38,175.8,27.9,orange
15.7,17.3,12.1,6.57,94.6,31.8,orange
33.4,17.8,21.6,7.28,146.5,20.4,orange
21.4,26.9,22.9,6.63,184.0,30.5,orange
37.6,11.9,20.9,6.85,170.8,26.5,orange
15.0,25.9,24.4,5.22,135.7,20.4,orange
20.1,10.4,18.0,6.37,154.3,27.3,orange
35.1,14.3,12.4,7.13,98.8,31.6,orange
35.3,20.0,29.6,5.24,116.4,26.9,orange
20.5,28.6,11.3,6.37,150.9,27.1,orange
17.7,17.3,26.9,5.49,179.2,25.9,orange
32.9,24.3,14.2,6.42,184.1,24.0,orange
39.0,19.0,12.9,5.97,194.2,22.5,orange
36.0,27.6,17.0,5.21,166.9,22.4,orange
33.5,18.9,19.7,6.94,125.9,24.2,orange
21.3,17.3,20.5,7.02,123.4,25.3,orange
30.1,15.4,15.6,7.33,166.8,26.1,orange
29.4,10.6,22.4,6.27,145.5,23.0,orange
12.4,13.9,29.0,6.02,136.0,18.7,orange
11.1,24.3,20.8,6.27,109.2,28.4,orange
15.0,13.8,19.2,5.72,109.7,27.0,orange
29.5,26.5,18.4,5.18,112.8,31.7,orange
27.9,24.2,10.1,6.3,84.5,26.0,orange
37.6,29.4,20.8,6.15,193.4,27.4,orange
11.9,19.3,14.8,6.17,134.7,26.2,orange
20.7,13.3,20.1,7.08,159.7,22.7,orange
38.1,28.2,14.2,5.1,169.0,29.6,orange
39.0,27.8,22.0,6.33,83.3,21.5,orange
23.8,22.6,21.1,6.86,113.6,25.9,orange
12.6,18.3,25.0,6.73,198.9,21.9,orange
24.9,16.6,18.8,7.14,162.1,30.4,orange
16.1,27.5,11.2,7.22,119.5,22.4,orange
25.4,28.8,11.0,5.88,182.8,23.5,orange
16.0,18.5,17.7,7.29,171.4,25.1,orange
39.7,19.3,11.2,5.66,132.3,20.2,orange
38.4,25.3,15.4,6.48,166.6,31.2,orange
36.4,20.3,25.5,6.41,146.3,19.6,orange
13.8,20.6,15.4,5.05,166.7,18.5,orange
27.9,20.8,29.4,6.21,87.6,25.7,orange
35.2,29.9,18.6,5.8,188.8,20.7,orange
28.5,18.1,10.8,5.87,111.8,27.6,orange
38.5,15.4,26.2,5.14,144.6,19.0,orange
38.0,25.3,23.2,7.06,157.7,31.6,orange
31.4,28.5,20.3,5.29,143.4,19.8,orange
27.8,19.6,22.5,5.03,103.4,24.9,orange
38.5,17.7,18.5,6.79,152.5,22.2,orange
22.3,14.4,29.3,5.33,124.6,18.4,orange
16.7,25.6,14.0,5.2,136.9,18.1,orange
12.5,26.2,25.4,7.29,182.5,27.6,orange
11.6,25.7,26.9,7.0,141.0,21.3,orange
35.4,24.5,29.6,5.39,107.1,21.0,orange
33.8,13.7,11.3,7.5,83.0,29.7,orange
21.0,26.8,21.1,7.25,191.1,18.1,orange
12.3,15.0,23.4,7.22,135.2,26.5,orange
15.7,26.1,29.3,5.67,139.4,19.2,orange
26.8,20.1,12.9,6.11,120.1,25.3,orange
27.6,10.2,25.2,6.78,124.0,18.7,orange
32.6,29.1,14.8,5.81,102.1,26.1,orange
14.6,17.1,23.9,6.4,126.4,23.9,orange
26.9,10.1,11.6,7.2,89.3,27.9,orange
37.6,15.4,17.4,6.42,185.8,31.2,orange
32.2,11.7,23.4,6.03,136.5,18.7,orange
15.7,25.8,19.1,5.75,126.1,30.0,orange
32.5,15.4,12.4,5.63,190.5,26.1,orange
61.3,57.9,39.2,7.11,162.8,21.8,papaya
45.2,56.1,53.4,6.12,204.3,31.5,papaya
49.9,41.1,32.5,6.96,124.0,25.6,papaya
60.1,61.8,32.8,6.31,158.2,28.1,papaya
72.7,45.2,50.2,6.89,166.7,30.5,papaya
56.5,44.2,46.6,6.55,176.7,25.1,papaya
76.3,57.6,32.1,6.4,190.8,31.9,papaya
59.8,66.8,36.7,6.32,207.8,33.4,papaya
67.4,65.8,32.2,7.23,138.5,22.7,papaya
49.6,52.5,36.3,6.14,116.2,24.4,papaya
62.9,53.3,38.7,6.99,207.2,31.4,papaya
53.3,62.3,33.8,5.76,141.5,32.1,papaya
49.9,41.9,33.3,7.22,176.1,23.8,papaya
62.2,55.8,46.4,5.97,203.7,24.6,papaya
67.8,40.5,39.3,6.2,165.2,21.1,papaya
71.6,46.5,46.9,7.11,167.4,31.1,papaya
66.5,50.7,50.2,6.09,168.5,31.2,papaya
55.2,49.1,41.5,7.14,211.6,28.2,papaya
66.5,67.1,32.5,5.96,185.1,32.4,papaya
74.3,52.5,32.2,6.38,127.7,24.4,papaya
70.9,42.3,50.7,6.36,171.5,21.3,papaya
53.5,42.7,54.0,7.11,155.2,23.4,papaya
77.3,50.3,34.0,6.63,213.3,20.1,papaya
49.5,68.2,34.3,5.73,168.4,32.9,papaya
59.1,69.8,47.0,5.65,219.1,26.1,papaya
51.5,56.7,37.6,5.67,100.2,26.7,papaya
73.5,57.2,55.0,6.07,133.7,22.4,papaya
46.6,48.6,49.8,7.31,217.0,23.5,papaya
75.3,49.8,32.8,7.24,176.3,22.5,papaya
57.2,48.6,48.4,6.41,218.7,20.8,papaya
54.2,54.5,42.6,6.13,187.5,33.1,papaya
77.5,64.2,51.3,6.6,199.1,24.6,papaya
55.9,49.5,41.7,6.07,215.4,24.7,papaya
43.9,55.8,31.4,5.72,126.3,27.0,papaya
57.3,64.0,48.5,6.35,140.0,24.7,papaya
71.0,41.6,30.3,7.09,157.3,22.0,papaya
49.4,68.0,51.5,6.92,157.9,27.8,papaya
79.0,69.0,35.4,7.12,123.7,23.2,papaya
67.0,52.2,53.3,5.68,161.4,33.8,papaya
76.2,44.7,39.2,6.74,119.1,34.5,papaya
76.6,45.0,33.0,5.67,209.1,22.9,papaya
56.7,53.5,45.0,5.64,127.2,34.0,papaya
76.3,63.4,30.5,6.15,175.4,24.1,papaya
76.4,59.0,31.8,7.32,214.9,21.2,papaya
61.3,49.1,39.8,5.86,169.4,34.4,papaya
60.1,42.5,45.5,6.18,202.7,26.5,papaya
47.7,45.7,49.2,6.03,192.1,23.1,papaya
52.9,54.0,53.6,7.36,124.8,25.4,papaya
46.0,55.3,41.5,7.3,211.6,25.8,papaya
59.7,66.9,50.2,5.51,138.4,26.3,papaya
49.2,46.0,30.9,6.79,131.5,20.8,papaya
49.2,64.1,51.3,6.47,149.9,34.7,papaya
48.0,46.5,37.3,5.85,145.5,33.7,papaya
64.6,52.4,53.4,5.6,125.2,28.5,papaya
64.6,41.2,40.1,6.8,183.8,29.6,papaya
52.8,42.8,40.7,5.76,213.7,27.1,papaya
52.7,63.0,42.4,6.12,197.4,33.0,papaya
66.9,41.4,44.2,7.03,116.4,23.4,papaya
75.3,40.6,48.8,6.45,153.6,20.1,papaya
72.8,50.8,43.5,6.85,184.3,34.3,papaya
61.3,52.0,53.8,6.78,135.8,21.9,papaya
73.7,50.9,46.5,6.44,123.9,29.0,papaya
42.4,52.4,43.7,6.37,189.8,32.4,papaya
70.8,41.2,34.9,6.57,212.2,32.5,papaya
73.7,49.1,40.7,6.44,118.9,20.5,papaya
77.9,47.2,36.0,5.67,211.4,28.7,papaya
66.7,67.3,38.6,6.74,104.7,22.8,papaya
73.2,63.0,38.8,6.25,164.0,20.0,papaya
49.6,46.2,36.3,7.11,133.6,22.9,papaya
60.2,66.0,36.0,5.66,142.8,31.2,papaya
62.0,64.5,54.0,7.09,172.5,27.4,papaya
41.6,69.5,39.6,5.8,180.0,24.3,papaya
63.4,57.6,41.1,7.17,131.8,26.7,papaya
61.5,59.9,49.6,6.29,177.5,22.3,papaya
77.3,51.5,48.2,5.54,124.6,27.3,papaya
75.1,55.8,53.2,6.47,158.9,21.8,papaya
72.1,47.4,52.5,7.32,213.2,27.8,papaya
67.1,63.4,33.3,6.7,104.1,27.5,papaya
46.2,45.5,39.1,6.36,174.8,21.1,papaya
60.1,45.5,44.3,6.77,166.8,31.1,papaya
53.4,63.0,40.8,6.47,177.8,20.3,papaya
66.2,58.6,37.7,5.67,110.9,33.8,papaya
67.6,43.8,38.9,6.68,200.3,20.7,papaya
49.5,66.7,30.2,5.9,215.1,29.2,papaya
50.5,42.0,30.7,5.99,205.8,26.2,papaya
68.8,67.5,40.2,5.88,162.1,33.6,papaya
72.2,42.0,47.3,6.64,208.9,21.8,papaya
61.4,66.4,40.3,6.46,108.5,24.2,papaya
53.0,68.4,37.1,6.42,180.6,22.4,papaya
59.5,62.2,51.7,6.75,180.3,21.9,papaya
77.8,44.0,49.4,6.03,212.0,30.8,papaya
70.2,46.6,41.1,6.74,192.4,21.6,papaya
78.5,66.7,36.8,7.15,162.2,26.9,papaya
52.6,57.4,48.2,6.32,175.5,30.5,papaya
68.4,41.6,51.5,6.42,131.5,23.6,papaya
59.3,66.6,39.5,7.0,111.6,27.1,papaya
79.7,63.1,35.3,6.5,128.0,26.1,papaya
71.2,63.1,35.7,7.34,171.1,25.7,papaya
60.1,58.2,44.0,6.47,160.6,22.6,papaya
72.5,56.3,33.3,7.03,211.9,34.2,papaya
17.4,7.7,15.4,5.28,286.8,22.8,coconut
15.1,13.1,12.7,6.99,191.3,22.6,coconut
15.3,15.2,7.9,6.53,213.1,30.7,coconut
28.8,23.2,23.9,5.61,126.3,24.5,coconut
27.9,24.4,22.2,5.28,289.5,26.4,coconut
10.2,13.8,5.9,6.36,167.7,27.1,coconut
22.3,22.4,18.2,6.09,263.9,33.6,coconut
12.4,15.6,10.7,5.12,233.7,32.9,coconut
13.3,21.2,22.1,7.29,153.1,33.6,coconut
16.4,16.0,6.0,5.11,244.1,26.7,coconut
15.1,8.8,18.4,5.0,261.2,21.2,coconut
13.8,12.7,14.7,5.89,164.1,34.5,coconut
22.8,5.5,13.6,7.19,160.3,21.4,coconut
25.2,17.1,16.4,5.13,128.1,29.3,coconut
14.2,15.1,15.9,5.71,289.7,32.6,coconut
24.4,6.6,7.1,6.23,132.1,34.7,coconut
13.2,14.7,12.3,6.6,125.8,26.5,coconut
15.5,22.8,5.8,7.28,266.6,24.5,coconut
25.8,5.6,24.3,6.32,160.7,25.4,coconut
11.3,24.8,5.8,6.64,188.5,34.2,coconut
14.9,15.6,14.6,6.76,113.6,22.9,coconut
14.3,19.8,8.8,6.43,143.0,32.9,coconut
28.8,15.4,12.0,5.59,110.0,24.0,coconut
23.1,15.7,23.9,5.99,238.8,27.3,coconut
20.3,10.4,14.1,6.18,241.3,34.1,coconut
16.6,5.8,14.9,6.36,133.7,31.4,coconut
29.7,23.9,8.9,7.19,240.9,26.8,coconut
20.8,22.0,14.6,5.93,198.6,28.7,coconut
13.8,23.0,18.5,6.58,119.9,29.1,coconut
12.4,6.6,15.5,6.01,217.8,21.3,coconut
18.6,8.5,24.7,6.4,237.5,24.9,coconut
11.9,24.5,10.7,6.06,230.0,20.4,coconut
26.2,15.7,10.6,5.15,132.5,33.4,coconut
23.7,10.0,6.3,6.73,214.5,26.1,coconut
17.3,9.3,18.4,7.43,135.1,29.0,coconut
18.5,13.9,10.1,7.06,197.1,28.2,coconut
16.1,8.6,6.7,6.79,139.2,30.4,coconut
17.8,13.3,14.4,5.92,120.1,24.6,coconut
23.3,18.3,10.7,6.15,138.7,23.2,coconut
10.5,22.9,9.2,5.57,155.9,21.9,coconut
22.8,6.5,7.7,6.61,167.9,30.6,coconut
21.1,10.1,18.0,5.29,207.3,26.6,coconut
15.4,17.1,22.4,7.5,221.6,26.1,coconut
14.5,10.1,14.6,5.92,282.8,25.5,coconut
17.5,12.7,21.7,6.63,222.8,25.0,coconut
26.4,5.8,22.4,6.28,179.7,27.5,coconut
23.3,5.3,22.4,6.12,168.6,22.1,coconut
18.8,14.9,13.1,6.7,184.2,34.4,coconut
22.0,21.1,7.2,5.99,167.4,28.5,coconut
27.2,6.6,6.5,7.13,142.6,30.0,coconut
20.9,21.7,7.5,5.32,211.4,34.2,coconut
18.3,11.5,17.1,7.33,267.4,34.9,coconut
10.5,7.3,17.2,7.05,157.0,23.6,coconut
25.7,6.1,12.4,6.26,212.1,30.9,coconut
17.1,17.3,16.7,6.37,228.1,23.9,coconut
11.7,7.4,9.5,6.25,268.1,30.5,coconut
25.8,12.0,13.1,5.98,138.4,20.9,coconut
21.8,24.8,8.3,5.12,255.9,23.8,coconut
26.6,19.1,23.9,6.02,232.4,27.0,coconut
22.6,14.0,8.8,6.27,205.7,32.2,coconut
24.7,18.3,7.3,6.8,200.1,33.4,coconut
28.4,6.1,21.4,5.09,173.4,28.1,coconut
13.0,19.9,5.2,5.42,216.2,30.7,coconut
28.3,19.1,18.4,5.99,100.3,21.8,coconut
20.7,18.5,13.3,6.83,204.4,21.1,coconut
13.8,21.8,19.5,7.24,123.5,34.9,coconut
14.2,5.2,24.9,5.7,233.6,22.7,coconut
21.6,23.1,11.4,6.68,137.6,29.4,coconut
16.7,9.2,11.3,5.45,280.4,26.0,coconut
14.9,14.0,11.4,6.86,294.2,26.6,coconut
27.2,16.3,8.1,6.73,202.7,29.8,coconut
27.8,13.8,23.0,6.88,197.7,29.0,coconut
16.5,24.7,18.3,5.11,165.3,29.3,coconut
11.1,5.5,14.0,5.83,187.7,23.9,coconut
13.3,18.8,15.3,5.5,163.9,28.9,coconut
11.4,7.9,6.5,7.03,250.5,31.3,coconut
24.3,18.4,14.5,6.61,107.7,29.3,coconut
25.6,15.0,12.2,5.69,228.6,30.4,coconut
27.4,11.8,20.4,6.4,276.6,27.9,coconut
20.4,16.6,20.0,7.41,114.7,20.8,coconut
28.8,15.6,17.3,6.21,118.7,31.5,coconut
24.9,11.2,11.1,7.09,114.5,33.2,coconut
15.1,16.9,23.7,6.7,182.9,30.3,coconut
16.9,10.5,24.9,6.88,228.9,25.3,coconut
11.0,5.6,16.1,6.91,207.5,32.6,coconut
10.7,12.3,9.7,6.12,114.5,34.3,coconut
14.5,23.4,13.5,7.46,210.8,34.0,coconut
10.1,20.0,23.1,5.35,119.2,26.4,coconut
28.7,15.8,15.5,5.35,100.2,32.2,coconut
11.8,17.7,23.3,5.52,233.1,21.2,coconut
22.1,8.3,19.7,5.75,192.7,29.0,coconut
13.4,19.8,11.1,6.66,131.7,30.3,coconut
12.6,13.5,9.9,6.87,152.4,33.2,coconut
27.8,8.9,17.3,5.22,178.3,30.7,coconut
23.2,17.5,10.7,5.95,120.6,30.8,coconut
20.1,19.2,10.0,5.81,166.8,20.4,coconut
16.8,21.1,22.9,6.3,191.1,20.5,coconut
27.6,5.3,23.9,6.22,168.4,33.9,coconut
10.5,16.6,16.0,5.55,185.8,29.8,coconut
24.5,5.0,23.7,5.41,146.7,24.0,coconut
81.5,17.5,39.7,5.63,135.0,19.3,coffee
108.8,32.1,25.1,5.04,149.0,18.7,coffee
84.1,23.6,24.6,6.03,153.0,29.3,coffee
116.2,26.3,27.1,5.76,173.5,26.7,coffee
98.1,32.1,38.9,5.67,192.9,19.1,coffee
88.0,23.3,24.1,6.75,140.6,23.5,coffee
104.2,28.8,27.7,6.74,193.9,23.3,coffee
82.7,24.3,36.4,6.23,228.2,23.9,coffee
84.7,15.3,26.1,6.4,222.7,21.5,coffee
99.8,23.4,28.2,5.46,137.7,20.4,coffee
82.2,19.0,20.2,6.25,161.1,29.7,coffee
87.7,21.9,27.2,5.02,229.1,18.4,coffee
117.6,32.8,30.7,6.09,205.0,22.6,coffee
105.9,15.9,21.1,5.91,191.5,28.7,coffee
84.2,31.5,24.2,5.79,161.2,22.8,coffee
86.0,25.1,36.0,5.88,183.8,28.2,coffee
108.2,24.8,25.2,6.77,195.0,20.7,coffee
90.8,31.1,20.9,6.98,136.9,27.6,coffee
95.8,24.8,37.6,5.83,189.9,18.6,coffee
80.1,19.9,33.6,5.24,134.8,22.9,coffee
105.9,29.2,23.6,5.16,242.3,21.1,coffee
114.1,32.3,35.5,5.34,226.8,27.2,coffee
103.9,21.7,25.3,5.24,186.3,25.0,coffee
94.4,24.5,27.3,6.28,237.2,20.0,coffee
95.3,17.8,32.5,6.46,241.1,21.3,coffee
118.0,16.3,32.1,5.11,236.2,24.4,coffee
106.8,31.6,23.0,5.08,234.3,21.8,coffee
85.2,24.4,32.0,5.06,155.7,18.4,coffee
96.8,32.9,39.7,6.27,141.0,28.9,coffee
100.6,18.1,38.4,6.51,215.1,26.5,coffee
88.0,19.2,33.8,5.44,177.0,27.4,coffee
111.4,24.1,35.8,6.68,205.1,20.7,coffee
91.0,21.3,22.3,5.55,147.2,23.5,coffee
116.3,17.1,34.4,6.37,132.4,29.1,coffee
102.7,22.3,35.1,5.51,210.2,18.5,coffee
113.6,24.0,32.7,5.44,208.0,27.3,coffee
98.9,27.4,29.1,6.79,184.7,28.1,coffee
112.1,23.2,24.6,5.81,227.4,20.7,coffee
101.0,31.1,27.1,6.28,151.9,19.3,coffee
111.8,17.0,25.4,6.71,165.0,29.7,coffee
119.2,20.4,20.8,6.41,178.6,19.2,coffee
108.3,15.6,37.4,5.28,136.6,20.1,coffee
118.4,28.9,36.0,5.8,163.7,20.8,coffee
99.2,26.0,32.6,5.51,243.3,20.0,coffee
118.6,15.3,29.6,5.67,178.4,24.8,coffee
97.4,23.3,34.7,6.37,228.3,21.0,coffee
104.4,26.7,27.4,5.97,160.8,19.7,coffee
88.6,17.1,33.7,6.32,243.6,26.8,coffee
82.1,32.7,37.3,5.89,196.2,29.7,coffee
101.3,33.1,21.7,5.38,177.3,25.0,coffee
112.6,34.8,27.8,5.09,224.2,25.3,coffee
87.9,24.9,34.8,6.54,185.0,21.7,coffee
118.9,28.3,28.2,5.56,215.0,20.9,coffee
86.9,25.6,25.8,6.26,135.3,25.9,coffee
91.3,15.0,22.5,6.87,232.8,20.8,coffee
111.1,27.2,39.4,5.75,208.6,18.8,coffee
95.8,34.3,30.8,5.58,135.6,26.4,coffee
105.8,22.5,39.0,5.04,159.5,29.1,coffee
92.8,20.0,30.7,6.65,133.4,29.3,coffee
111.8,18.6,34.2,5.77,172.3,27.4,coffee
118.5,17.5,28.4,5.96,168.9,22.4,coffee
82.1,28.7,28.7,5.39,226.1,27.6,coffee
99.5,21.0,32.8,5.58,150.7,26.8,coffee
81.6,16.9,20.1,5.31,129.0,29.9,coffee
91.6,18.0,24.8,6.87,187.6,22.4,coffee
114.9,22.9,26.7,5.41,169.1,21.8,coffee
107.1,20.8,31.5,5.13,144.9,22.9,coffee
117.5,22.5,33.3,5.51,136.5,18.7,coffee
92.2,18.2,23.5,6.52,122.1,24.7,coffee
95.2,25.1,31.3,5.63,158.4,26.8,coffee
114.9,18.9,22.0,6.8,165.5,24.6,coffee
94.4,17.5,31.8,6.05,146.4,23.4,coffee
111.9,26.8,21.9,6.1,211.4,27.5,coffee
105.2,18.1,34.2,6.35,123.2,22.9,coffee
93.3,28.4,24.3,6.18,238.7,27.6,coffee
116.9,34.6,20.2,6.25,173.7,28.3,coffee
90.1,34.6,32.3,6.59,131.1,20.2,coffee
110.3,15.4,36.3,5.03,205.4,22.4,coffee
104.5,28.9,26.8,5.22,129.1,25.1,coffee
100.8,29.8,30.2,5.84,171.8,18.3,coffee
93.4,34.5,37.5,5.66,196.4,28.2,coffee
97.7,15.4,21.5,6.02,246.0,26.3,coffee
82.8,18.8,35.4,6.68,200.3,25.7,coffee
81.1,31.6,35.8,5.52,212.1,20.6,coffee
81.6,19.0,23.6,5.68,174.4,24.1,coffee
99.1,20.4,20.6,6.21,171.4,21.6,coffee
114.7,29.9,37.2,5.99,137.0,26.4,coffee
88.2,23.8,21.3,6.65,136.4,28.8,coffee
114.6,24.3,34.9,6.24,224.4,23.2,coffee
111.4,24.2,38.8,5.97,180.1,27.4,coffee
112.9,26.1,23.6,5.94,245.8,27.0,coffee
112.4,15.7,29.4,6.29,227.9,18.6,coffee
114.1,26.0,23.9,5.63,156.7,24.4,coffee
82.1,18.2,36.3,5.27,150.3,23.4,coffee
100.7,30.3,28.9,6.58,200.4,19.4,coffee
86.3,23.7,27.9,6.49,195.5,22.7,coffee
86.8,19.5,31.5,5.85,186.9,20.0,coffee
106.5,32.1,25.2,5.98,246.8,22.0,coffee
103.8,16.8,32.1,5.18,244.7,26.6,coffee
111.5,29.1,31.8,5.9,231.6,29.5,coffee
